id	conversation_id	created_at	date	time	timezone	user_id	username	name	place	tweet	language	mentions	urls	photos	replies_count	retweets_count	likes_count	hashtags	cashtags	link	retweet	quote_url	video	thumbnail	near	geo	source	user_rt_id	user_rt	retweet_id	reply_to	retweet_date	translate	trans_src	trans_dest
1437542787298250757	1437542787298250757	2021-09-13 19:24:43 Hora est√°ndar de Montevideo	2021-09-13	19:24:43	-0300	1278853300750876674	100argdicen	100 argentinos dicen		"La confusi√≥n de un participante en el ""Dinero r√°pido"" de #100ArgentinosDicen que hizo estallar de risa a Dar√≠o Barassi üòÇüòÇ  https://t.co/zUWOVk4bhB"	es	[]	[]	[]	21	39	593	['100argentinosdicen']	[]	https://twitter.com/100argdicen/status/1437542787298250757	False		1	https://pbs.twimg.com/ext_tw_video_thumb/1437542488944828416/pu/img/TraeiT74bp_kXoZU.jpg							[]				
1437540393676152837	1437540393676152837	2021-09-13 19:15:12 Hora est√°ndar de Montevideo	2021-09-13	19:15:12	-0300	1278853300750876674	100argdicen	100 argentinos dicen		El regalo que le encant√≥ a Dar√≠o Barassi  üòÇüç´üòç  https://t.co/Z8Df330dzz	es	[]	[]	[]	11	31	510	[]	[]	https://twitter.com/100argdicen/status/1437540393676152837	False		1	https://pbs.twimg.com/ext_tw_video_thumb/1437540220694634496/pu/img/vtJ-gbjLFJ7vnAZx.jpg							[]				
1437539263533441030	1437539263533441030	2021-09-13 19:10:43 Hora est√°ndar de Montevideo	2021-09-13	19:10:43	-0300	1278853300750876674	100argdicen	100 argentinos dicen		El cambio de look de Dar√≠o Barassi en #100ArgentinosDicen üòÇ  https://t.co/0EJn5BaY0b	es	[]	[]	[]	8	19	304	['100argentinosdicen']	[]	https://twitter.com/100argdicen/status/1437539263533441030	False		1	https://pbs.twimg.com/ext_tw_video_thumb/1437539084633845760/pu/img/cXgKGRmJAvxHkwpt.jpg							[]				
1437391396722429957	1437391396722429957	2021-09-13 09:23:09 Hora est√°ndar de Montevideo	2021-09-13	09:23:09	-0300	1278853300750876674	100argdicen	100 argentinos dicen		¬°Te esperamos a las 18.30 en nuevo horario y la misma diversi√≥n de siempre! @dariobarassi  https://t.co/nL9Vnuhflg	es	[{'screen_name': 'dariobarassi', 'name': 'dario barassi', 'id': '174345178'}]	[]	['https://pbs.twimg.com/media/E_Kj2hXXMAQ0314.jpg']	55	53	734	[]	[]	https://twitter.com/100argdicen/status/1437391396722429957	False		1	https://pbs.twimg.com/media/E_Kj2hXXMAQ0314.jpg							[]				
1437038538323898372	1437038538323898372	2021-09-12 10:01:01 Hora est√°ndar de Montevideo	2021-09-12	10:01:01	-0300	1278853300750876674	100argdicen	100 argentinos dicen		Ma√±ana üëâ nuevo horario, la misma diversi√≥n de siempre  https://t.co/tNbMNNqiTR	es	[]	[]	['https://pbs.twimg.com/media/E_Fi7ZoXIAQttLe.jpg']	13	23	281	[]	[]	https://twitter.com/100argdicen/status/1437038538323898372	False		1	https://pbs.twimg.com/media/E_Fi7ZoXIAQttLe.jpg							[]				
1436377285398089750	1436377285398089750	2021-09-10 14:13:26 Hora est√°ndar de Montevideo	2021-09-10	14:13:26	-0300	1278853300750876674	100argdicen	100 argentinos dicen		Siiiiiiiii, beb√© ¬°Desde el lunes, @dariobarassi te espera a las 18.30 en @eltreceoficial! No te lo pierdas  https://t.co/kPulDIYRPT	es	[{'screen_name': 'dariobarassi', 'name': 'dario barassi', 'id': '174345178'}, {'screen_name': 'eltreceoficial', 'name': 'eltrece', 'id': '175824869'}]	[]	['https://pbs.twimg.com/media/E-8JhmSXEAM-fxc.jpg']	73	81	1316	[]	[]	https://twitter.com/100argdicen/status/1436377285398089750	False		1	https://pbs.twimg.com/media/E-8JhmSXEAM-fxc.jpg							[]				
1435404808614256641	1435404808614256641	2021-09-07 21:49:09 Hora est√°ndar de Montevideo	2021-09-07	21:49:09	-0300	1278853300750876674	100argdicen	100 argentinos dicen		¬°La misma diversi√≥n y la misma locura! Desde el lunes 13/09, en un nuevo horario: 18.30hs   @eltreceoficial @dariobarassi  https://t.co/txwPh7PO8A	es	[{'screen_name': 'eltreceoficial', 'name': 'eltrece', 'id': '175824869'}, {'screen_name': 'dariobarassi', 'name': 'dario barassi', 'id': '174345178'}]	[]	[]	63	47	512	[]	[]	https://twitter.com/100argdicen/status/1435404808614256641	False		1	https://pbs.twimg.com/ext_tw_video_thumb/1435404636513574913/pu/img/1VxpHmoxyZ554GeX.jpg							[]				
1434958905025703938	1434958905025703938	2021-09-06 16:17:17 Hora est√°ndar de Montevideo	2021-09-06	16:17:17	-0300	1278853300750876674	100argdicen	100 argentinos dicen		El d√≠a que rebautizaron a Barassi en #100ArgentinosDicen üòÇ  https://t.co/wvO35elmNz	es	[]	[]	[]	10	23	277	['100argentinosdicen']	[]	https://twitter.com/100argdicen/status/1434958905025703938	False		1	https://pbs.twimg.com/ext_tw_video_thumb/1434958827674296323/pu/img/TQzT0_LvD7vybmVJ.jpg							[]				
1434937532593082369	1434937532593082369	2021-09-06 14:52:22 Hora est√°ndar de Montevideo	2021-09-06	14:52:22	-0300	1278853300750876674	100argdicen	100 argentinos dicen		Todos somos Dar√≠o Barassi cuando arranca #100ArgentinosDicen.  https://t.co/Mhnj1sjOt1	es	[]	[]	[]	7	16	231	['100argentinosdicen']	[]	https://twitter.com/100argdicen/status/1434937532593082369	False		1	https://pbs.twimg.com/ext_tw_video_thumb/1434937384148295681/pu/img/WZPYQsvpuhAClmbW.jpg							[]				
1433848817338757127	1433848817338757127	2021-09-03 14:46:12 Hora est√°ndar de Montevideo	2021-09-03	14:46:12	-0300	1278853300750876674	100argdicen	100 argentinos dicen		¬°Hoy es vierneeeeees! ü•≥üé∂üéäüéâüéà #100ArgentinosDicen  https://t.co/Ikqof6XoUA	es	[]	[]	[]	6	23	234	['100argentinosdicen']	[]	https://twitter.com/100argdicen/status/1433848817338757127	False		1	https://pbs.twimg.com/ext_tw_video_thumb/1433848545937854467/pu/img/JN3pMi6rQCBc7p16.jpg							[]				
1433497509607903234	1433497509607903234	2021-09-02 15:30:14 Hora est√°ndar de Montevideo	2021-09-02	15:30:14	-0300	1278853300750876674	100argdicen	100 argentinos dicen		¬°Volvi√≥ la participante de la risa m√°s contagiosa de todas a #100ArgentinosDicen! üòÇü§£  https://t.co/A8Z3XkXpZr	es	[]	[]	[]	15	91	851	['100argentinosdicen']	[]	https://twitter.com/100argdicen/status/1433497509607903234	False		1	https://pbs.twimg.com/ext_tw_video_thumb/1433497359170818054/pu/img/Q-hnX1to7hpBE2mC.jpg							[]				
1433488470010470404	1433488470010470404	2021-09-02 14:54:18 Hora est√°ndar de Montevideo	2021-09-02	14:54:18	-0300	1278853300750876674	100argdicen	100 argentinos dicen		¬°Koala, koala ya! üê®üòÇ #100ArgentinosDicen  https://t.co/xKKYqibcXg	in	[]	[]	[]	2	19	248	['100argentinosdicen']	[]	https://twitter.com/100argdicen/status/1433488470010470404	False		1	https://pbs.twimg.com/ext_tw_video_thumb/1433488282592100354/pu/img/iIHO_OMm-DNqg58V.jpg							[]				
1433486925277667330	1433486925277667330	2021-09-02 14:48:10 Hora est√°ndar de Montevideo	2021-09-02	14:48:10	-0300	1278853300750876674	100argdicen	100 argentinos dicen		La participante de #100ArgentinosDicen que sorprendi√≥ a Barassi con su voz üòç  https://t.co/Q7bxh8cSFE	es	[]	[]	[]	9	21	368	['100argentinosdicen']	[]	https://twitter.com/100argdicen/status/1433486925277667330	False		1	https://pbs.twimg.com/ext_tw_video_thumb/1433486782792863749/pu/img/OA0DJ510Sa6Y3dZa.jpg							[]				
1433134936681222148	1433134936681222148	2021-09-01 15:29:29 Hora est√°ndar de Montevideo	2021-09-01	15:29:29	-0300	1278853300750876674	100argdicen	100 argentinos dicen		La particular risa de esta participante asust√≥ a Dar√≠o Barassi üòÇ #100ArgentinosDicen  https://t.co/bsnhcSlW0O	es	[]	[]	[]	345	3137	31674	['100argentinosdicen']	[]	https://twitter.com/100argdicen/status/1433134936681222148	False		1	https://pbs.twimg.com/ext_tw_video_thumb/1433134654115155972/pu/img/zV6u4e9S688md63V.jpg							[]				
1433131284776333315	1433131284776333315	2021-09-01 15:14:59 Hora est√°ndar de Montevideo	2021-09-01	15:14:59	-0300	1278853300750876674	100argdicen	100 argentinos dicen		Dar√≠o Barassi y su incre√≠ble cambio de look en pleno programa ü§© #100ArgentinosDicen  https://t.co/guA4SFTnAL	es	[]	[]	[]	12	31	472	['100argentinosdicen']	[]	https://twitter.com/100argdicen/status/1433131284776333315	False		1	https://pbs.twimg.com/ext_tw_video_thumb/1433131176546471936/pu/img/zamXUnKSP2M4oz0A.jpg							[]				
1433126575940251650	1433126575940251650	2021-09-01 14:56:16 Hora est√°ndar de Montevideo	2021-09-01	14:56:16	-0300	1278853300750876674	100argdicen	100 argentinos dicen		Cuando el mes de la primavera te sienta bien üòéü§© #100ArgentinosDicen  https://t.co/So46mi43ci	es	[]	[]	[]	6	11	159	['100argentinosdicen']	[]	https://twitter.com/100argdicen/status/1433126575940251650	False		1	https://pbs.twimg.com/ext_tw_video_thumb/1433126363049889796/pu/img/gyAs2l1p5GFU7C8x.jpg							[]				
1432763349331333122	1432763349331333122	2021-08-31 14:52:56 Hora est√°ndar de Montevideo	2021-08-31	14:52:56	-0300	1278853300750876674	100argdicen	100 argentinos dicen		Cuando te cuesta arrancar el d√≠a y no pod√©s decir una frase seguida ü§™  #100ArgentinosDicen  https://t.co/fBqwAkwsjF	es	[]	[]	[]	4	5	144	['100argentinosdicen']	[]	https://twitter.com/100argdicen/status/1432763349331333122	False		1	https://pbs.twimg.com/ext_tw_video_thumb/1432762991578161160/pu/img/y2vvx0o-0ki_T6KZ.jpg							[]				
1432397370961039369	1432397370961039369	2021-08-30 14:38:40 Hora est√°ndar de Montevideo	2021-08-30	14:38:40	-0300	1278853300750876674	100argdicen	100 argentinos dicen		Un comienzo de semana a puro glamour: Dar√≠o Barassi lleg√≥ desfilando y se top√≥ con una familia muy bien vestida üòé  https://t.co/vrwJY2eHTC	es	[]	[]	[]	5	10	203	[]	[]	https://twitter.com/100argdicen/status/1432397370961039369	False		1	https://pbs.twimg.com/ext_tw_video_thumb/1432397289759379460/pu/img/lj_dyqlxiUdm8xl9.jpg							[]				
1432126575873564674	1432126575873564674	2021-08-29 20:42:37 Hora est√°ndar de Montevideo	2021-08-29	20:42:37	-0300	1278853300750876674	100argdicen	100 argentinos dicen		¬°Con delineado y todo! #100ArgentinosDicenfamosos  https://t.co/udhl8cQLbG	es	[]	[]	[]	4	3	161	['100argentinosdicenfamosos']	[]	https://twitter.com/100argdicen/status/1432126575873564674	False		1	https://pbs.twimg.com/ext_tw_video_thumb/1432126403114377221/pu/img/A08zawhB75aj816H.jpg							[]				
1432122561161220104	1432122561161220104	2021-08-29 20:26:40 Hora est√°ndar de Montevideo	2021-08-29	20:26:40	-0300	1278853300750876674	100argdicen	100 argentinos dicen		¬°Sin presentaci√≥n! El equipo de Guido S√ºller arranc√≥ en #100ArgentinosDicenfamosos con todo ü§£ @dariobarassi @eltreceoficial  https://t.co/ly5PBUWatz	es	[{'screen_name': 'dariobarassi', 'name': 'dario barassi', 'id': '174345178'}, {'screen_name': 'eltreceoficial', 'name': 'eltrece', 'id': '175824869'}]	[]	[]	2	9	101	['100argentinosdicenfamosos']	[]	https://twitter.com/100argdicen/status/1432122561161220104	False		1	https://pbs.twimg.com/ext_tw_video_thumb/1432122275906703360/pu/img/iP87CPJKsqrGD2d8.jpg							[]				
1432112745655250947	1432112745655250947	2021-08-29 19:47:40 Hora est√°ndar de Montevideo	2021-08-29	19:47:40	-0300	1278853300750876674	100argdicen	100 argentinos dicen		¬°A las 20.15 te esperamos con un programa desopilante! üòÇ@dariobarassi  https://t.co/ZpGclQtxWP	es	[{'screen_name': 'dariobarassi', 'name': 'dario barassi', 'id': '174345178'}]	[]	[]	0	3	34	[]	[]	https://twitter.com/100argdicen/status/1432112745655250947	False		1	https://pbs.twimg.com/ext_tw_video_thumb/1432112438590251012/pu/img/thQH_gMM-mX7xozm.jpg							[]				
1431739510602207240	1431739510602207240	2021-08-28 19:04:34 Hora est√°ndar de Montevideo	2021-08-28	19:04:34	-0300	1278853300750876674	100argdicen	100 argentinos dicen		¬°Se viene un estreno exclusivo en el canal de YouTube de eltrece! #100ArgentinosDicen	es	[]	[]	[]	4	5	59	['100argentinosdicen']	[]	https://twitter.com/100argdicen/status/1431739510602207240	False	https://twitter.com/eltreceoficial/status/1431739298580152327	0								[]				
1431310612240404492	1431310612240404492	2021-08-27 14:40:17 Hora est√°ndar de Montevideo	2021-08-27	14:40:17	-0300	1278853300750876674	100argdicen	100 argentinos dicen		¬°Es viernes y en #100ArgentinosDicen lo sabemos!  https://t.co/9dVy3KRqjB	es	[]	[]	[]	4	9	92	['100argentinosdicen']	[]	https://twitter.com/100argdicen/status/1431310612240404492	False		1	https://pbs.twimg.com/ext_tw_video_thumb/1431310472037511175/pu/img/kmDQ2kviUpwwEBsG.jpg							[]				
1430961552820260871	1430961552820260871	2021-08-26 15:33:14 Hora est√°ndar de Montevideo	2021-08-26	15:33:14	-0300	1278853300750876674	100argdicen	100 argentinos dicen		¬°Por el podeeeer de Barassi! üí™‚öîÔ∏èüòÇ #100ArgentinosDicen  https://t.co/CO9cbDUCOL	ca	[]	[]	[]	12	20	248	['100argentinosdicen']	[]	https://twitter.com/100argdicen/status/1430961552820260871	False		1	https://pbs.twimg.com/ext_tw_video_thumb/1430961224595001346/pu/img/xu_D-tzrc_w_viml.jpg							[]				
1430953721228263424	1430953721228263424	2021-08-26 15:02:07 Hora est√°ndar de Montevideo	2021-08-26	15:02:07	-0300	1278853300750876674	100argdicen	100 argentinos dicen		¬°Se arm√≥ el baile en #100ArgentinosDicen! üï∫üíÉüé∂  https://t.co/0khP09kpsH	es	[]	[]	[]	5	3	58	['100argentinosdicen']	[]	https://twitter.com/100argdicen/status/1430953721228263424	False		1	https://pbs.twimg.com/ext_tw_video_thumb/1430953601283805185/pu/img/6_W7BUdG-LrgTGWi.jpg							[]				
1430948902237310977	1430948902237310977	2021-08-26 14:42:58 Hora est√°ndar de Montevideo	2021-08-26	14:42:58	-0300	1278853300750876674	100argdicen	100 argentinos dicen		¬°Hoy arrancamos a pura energ√≠a! #100ArgentinosDicen üòÇüéâ  https://t.co/EQdCBTxpHP	es	[]	[]	[]	5	3	90	['100argentinosdicen']	[]	https://twitter.com/100argdicen/status/1430948902237310977	False		1	https://pbs.twimg.com/ext_tw_video_thumb/1430948430260617219/pu/img/yzzD-TFj9T-yOirf.jpg							[]				
1430612057351671816	1430612057351671816	2021-08-25 16:24:28 Hora est√°ndar de Montevideo	2021-08-25	16:24:28	-0300	1278853300750876674	100argdicen	100 argentinos dicen		¬°Dar√≠o Barassi hizo un pedido especial y se lo cumplieron! üòÇüßö‚Äç‚ôÇÔ∏è #100ArgentinosDicen  https://t.co/RgQPtHgm63	es	[]	[]	[]	14	16	218	['100argentinosdicen']	[]	https://twitter.com/100argdicen/status/1430612057351671816	False		1	https://pbs.twimg.com/ext_tw_video_thumb/1430611923410767879/pu/img/_thwq9-EV0hnxTeH.jpg							[]				
1430599141793701893	1430599141793701893	2021-08-25 15:33:09 Hora est√°ndar de Montevideo	2021-08-25	15:33:09	-0300	1278853300750876674	100argdicen	100 argentinos dicen		"Los errores que Dar√≠o Barassi no pudo perdonar en el ""dinero r√°pido"" üòÇ #100ArgentinosDicen  https://t.co/upN2HUN4cP"	es	[]	[]	[]	1	4	59	['100argentinosdicen']	[]	https://twitter.com/100argdicen/status/1430599141793701893	False		1	https://pbs.twimg.com/ext_tw_video_thumb/1430598512052477955/pu/img/gWJLPgHkFds28R-c.jpg							[]				
1430593609938653191	1430593609938653191	2021-08-25 15:11:10 Hora est√°ndar de Montevideo	2021-08-25	15:11:10	-0300	1278853300750876674	100argdicen	100 argentinos dicen		"Dar√≠o quiso ""controlarse"" y esto fue lo que pas√≥ üòÇ #100ArgentinosDicen  https://t.co/rE7feX8lvv"	es	[]	[]	[]	6	11	170	['100argentinosdicen']	[]	https://twitter.com/100argdicen/status/1430593609938653191	False		1	https://pbs.twimg.com/ext_tw_video_thumb/1430593495170002949/pu/img/piNVEscK6lsi4fr4.jpg							[]				
1430246184543821830	1430246184543821830	2021-08-24 16:10:37 Hora est√°ndar de Montevideo	2021-08-24	16:10:37	-0300	1278853300750876674	100argdicen	100 argentinos dicen		¬°#100ArgentinosDicen a puro festejo por su primer a√±o!  https://t.co/kqpwkRPsUG	es	[]	[]	[]	14	35	311	['100argentinosdicen']	[]	https://twitter.com/100argdicen/status/1430246184543821830	False		1	https://pbs.twimg.com/ext_tw_video_thumb/1430245805882019841/pu/img/p1OOB-Iich03DmZQ.jpg							[]				
1430234695992758273	1430234695992758273	2021-08-24 15:24:58 Hora est√°ndar de Montevideo	2021-08-24	15:24:58	-0300	1278853300750876674	100argdicen	100 argentinos dicen		¬°#100argentinosDicen cumple 1 a√±o con todos ustedes! S√≠, beb√© @dariobarassi  https://t.co/mlEdUighi4	es	[{'screen_name': 'dariobarassi', 'name': 'dario barassi', 'id': '174345178'}]	[]	['https://pbs.twimg.com/media/E9k2psmXMAcrrdu.jpg']	59	146	2414	['100argentinosdicen']	[]	https://twitter.com/100argdicen/status/1430234695992758273	False		1	https://pbs.twimg.com/media/E9k2psmXMAcrrdu.jpg							[]				
1430234687650271241	1430234687650271241	2021-08-24 15:24:56 Hora est√°ndar de Montevideo	2021-08-24	15:24:56	-0300	1278853300750876674	100argdicen	100 argentinos dicen		La inesperada torta de cumplea√±os que recibi√≥ Dar√≠o Barassi por el primer a√±o de #100ArgentinosDicen  https://t.co/Svw2dcOQQt	es	[]	[]	[]	3	19	163	['100argentinosdicen']	[]	https://twitter.com/100argdicen/status/1430234687650271241	False		1	https://pbs.twimg.com/ext_tw_video_thumb/1430234551528435714/pu/img/7-DBH_zsa28R_C-H.jpg							[]				
1429872883292061700	1429872883292061700	2021-08-23 15:27:15 Hora est√°ndar de Montevideo	2021-08-23	15:27:15	-0300	1278853300750876674	100argdicen	100 argentinos dicen		Dar√≠o pidi√≥ guantes y esto fue lo que pas√≥ üß§üòÇ  #100ArgentinosDicen  https://t.co/NY4eRWTk5T	es	[]	[]	[]	2	8	143	['100argentinosdicen']	[]	https://twitter.com/100argdicen/status/1429872883292061700	False		1	https://pbs.twimg.com/ext_tw_video_thumb/1429872816120340485/pu/img/BK8hCzkTV254h00u.jpg							[]				
1429871558688903176	1429871558688903176	2021-08-23 15:21:59 Hora est√°ndar de Montevideo	2021-08-23	15:21:59	-0300	1278853300750876674	100argdicen	100 argentinos dicen		Dar√≠o y un participante demostraron sus pasos de baile en #100ArgentinosDicen üï∫  https://t.co/pQ9Utc1zHZ	es	[]	[]	[]	4	9	114	['100argentinosdicen']	[]	https://twitter.com/100argdicen/status/1429871558688903176	False		1	https://pbs.twimg.com/ext_tw_video_thumb/1429871473859170307/pu/img/ZCNYcEnM4yEBQXWd.jpg							[]				
1429864777942196233	1429864777942196233	2021-08-23 14:55:03 Hora est√°ndar de Montevideo	2021-08-23	14:55:03	-0300	1278853300750876674	100argdicen	100 argentinos dicen		El divertido ida y vuelta entre Dar√≠o Barassi y un participante üòÇüòÇ #100ArgentinosDicen  https://t.co/gTiz6WeEbN	es	[]	[]	[]	9	6	168	['100argentinosdicen']	[]	https://twitter.com/100argdicen/status/1429864777942196233	False		1	https://pbs.twimg.com/ext_tw_video_thumb/1429864696534941703/pu/img/65tF5ZpaARAlHQbP.jpg							[]				
1429592591910293505	1429592591910293505	2021-08-22 20:53:29 Hora est√°ndar de Montevideo	2021-08-22	20:53:29	-0300	1278853300750876674	100argdicen	100 argentinos dicen		La graciosa queja de Benito Fern√°ndez en #100argentinosdicen  https://t.co/c7684IscWv	es	[]	[]	[]	5	11	152	['100argentinosdicen']	[]	https://twitter.com/100argdicen/status/1429592591910293505	False		1	https://pbs.twimg.com/ext_tw_video_thumb/1429592357524152324/pu/img/n6y5P2Xzbksb-jFd.jpg							[]				
1428423944609148936	1428423944609148936	2021-08-19 15:29:41 Hora est√°ndar de Montevideo	2021-08-19	15:29:41	-0300	1278853300750876674	100argdicen	100 argentinos dicen		¬°Feliz cumple Luli! ü•≥ü§© #100ArgentinosDicen  https://t.co/ZzqV0RyhTD	es	[]	[]	[]	10	12	174	['100argentinosdicen']	[]	https://twitter.com/100argdicen/status/1428423944609148936	False		1	https://pbs.twimg.com/ext_tw_video_thumb/1428423774051999747/pu/img/VeKWXQ7KpFwZQtYC.jpg							[]				
1428420110981685249	1428420110981685249	2021-08-19 15:14:27 Hora est√°ndar de Montevideo	2021-08-19	15:14:27	-0300	1278853300750876674	100argdicen	100 argentinos dicen		¬°Un momento de relax que dur√≥ poco! üòÇ #100ArgentinosDicen  https://t.co/HYF6UQdUvt	es	[]	[]	[]	7	14	158	['100argentinosdicen']	[]	https://twitter.com/100argdicen/status/1428420110981685249	False		1	https://pbs.twimg.com/ext_tw_video_thumb/1428419789622546439/pu/img/RP4_AA66UFTED8BP.jpg							[]				
1428067951924613124	1428067951924613124	2021-08-18 15:55:06 Hora est√°ndar de Montevideo	2021-08-18	15:55:06	-0300	1278853300750876674	100argdicen	100 argentinos dicen		El hit musical que cre√≥ Dar√≠o Barassi con las respuestas de los participantes üòÇüé∏üé∂ #100ArgentinosDicen  https://t.co/GHfTnByer1	es	[]	[]	[]	10	31	169	['100argentinosdicen']	[]	https://twitter.com/100argdicen/status/1428067951924613124	False		1	https://pbs.twimg.com/ext_tw_video_thumb/1428067864926359555/pu/img/Zws-9W65ZLknMgFd.jpg							[]				
1428061953457627138	1428061953457627138	2021-08-18 15:31:16 Hora est√°ndar de Montevideo	2021-08-18	15:31:16	-0300	1278853300750876674	100argdicen	100 argentinos dicen		Dar√≠o Barassi se declar√≥ fan de la combinaci√≥n de milanesas con fideos ü•©üçù ¬øAlguien m√°s como √©l? üòã #100ArgentinosDicen  https://t.co/ubob8SnTre	es	[]	[]	[]	11	10	195	['100argentinosdicen']	[]	https://twitter.com/100argdicen/status/1428061953457627138	False		1	https://pbs.twimg.com/ext_tw_video_thumb/1428061895869845507/pu/img/9RkUlyGyLKQfeFMq.jpg							[]				
1427687982333636611	1427687982333636611	2021-08-17 14:45:14 Hora est√°ndar de Montevideo	2021-08-17	14:45:14	-0300	1278853300750876674	100argdicen	100 argentinos dicen		Dar√≠o Barassi se afeit√≥ ‚Äúmal‚Äù y encontr√≥ una curiosa soluci√≥n en #100ArgentinosDicen.  https://t.co/fLuy09YvWB	es	[]	[]	[]	4	5	219	['100argentinosdicen']	[]	https://twitter.com/100argdicen/status/1427687982333636611	False		1	https://pbs.twimg.com/ext_tw_video_thumb/1427687712916709380/pu/img/H2l9-H4dACARTz1-.jpg							[]				
1426245488483909637	1426245488483909637	2021-08-13 15:13:17 Hora est√°ndar de Montevideo	2021-08-13	15:13:17	-0300	1278853300750876674	100argdicen	100 argentinos dicen		Viernes a todo ritmo en #100ArgentinosDicen üé∂üíÉüï∫  https://t.co/6N21cfDWpm	es	[]	[]	[]	9	8	103	['100argentinosdicen']	[]	https://twitter.com/100argdicen/status/1426245488483909637	False		1	https://pbs.twimg.com/ext_tw_video_thumb/1426245391691956230/pu/img/rGTJuOUCG4vyIeDp.jpg							[]				
1425162922150567939	1425162922150567939	2021-08-10 15:31:33 Hora est√°ndar de Montevideo	2021-08-10	15:31:33	-0300	1278853300750876674	100argdicen	100 argentinos dicen		¬°Dar√≠o Barassi cont√≥ en #100ArgentinosDicen c√≥mo se llaman sus t√≠as sanjuaninas!  https://t.co/QW1kKUslbU	es	[]	[]	[]	4	7	76	['100argentinosdicen']	[]	https://twitter.com/100argdicen/status/1425162922150567939	False		1	https://pbs.twimg.com/ext_tw_video_thumb/1425162340790685698/pu/img/v3XR3ungPVtDspNu.jpg							[]				
1424799608325165056	1424799608325165056	2021-08-09 15:27:52 Hora est√°ndar de Montevideo	2021-08-09	15:27:52	-0300	1278853300750876674	100argdicen	100 argentinos dicen		Dar√≠o hizo re√≠r a todos con sus preguntas cantadas a una participante üòÇ #100ArgentinosDicen  https://t.co/mcvBIKOKYa	es	[]	[]	[]	5	31	273	['100argentinosdicen']	[]	https://twitter.com/100argdicen/status/1424799608325165056	False		1	https://pbs.twimg.com/ext_tw_video_thumb/1424799418998476801/pu/img/-xoGh6t88_SYl9lS.jpg							[]				
1424796354119884802	1424796354119884802	2021-08-09 15:14:56 Hora est√°ndar de Montevideo	2021-08-09	15:14:56	-0300	1278853300750876674	100argdicen	100 argentinos dicen		El v√≠nculo familiar que Dar√≠o Barassi no logr√≥ entender üòÇ#100ArgentinosDicen  https://t.co/QMMBCnuTOw	es	[]	[]	[]	3	12	90	['100argentinosdicen']	[]	https://twitter.com/100argdicen/status/1424796354119884802	False		1	https://pbs.twimg.com/ext_tw_video_thumb/1424796163853725696/pu/img/JP9xQS49BoPmuqmX.jpg							[]				
1424512229517500421	1424512229517500421	2021-08-08 20:25:56 Hora est√°ndar de Montevideo	2021-08-08	20:25:56	-0300	1278853300750876674	100argdicen	100 argentinos dicen		¬°Todos somos Toto cuando suena esta canci√≥n! #100argentinosdicenfamosos @dariobarassi  https://t.co/nawspXcMCB	es	[{'screen_name': 'dariobarassi', 'name': 'dario barassi', 'id': '174345178'}]	[]	[]	3	11	132	['100argentinosdicenfamosos']	[]	https://twitter.com/100argdicen/status/1424512229517500421	False		1	https://pbs.twimg.com/ext_tw_video_thumb/1424511673067573249/pu/img/f9VDx4q8YDxxWOLe.jpg							[]				
1424405598590930944	1424405598590930944	2021-08-08 13:22:13 Hora est√°ndar de Montevideo	2021-08-08	13:22:13	-0300	1278853300750876674	100argdicen	100 argentinos dicen		¬øEst√°s listo? Domingo 20.30hs | un especial famosos muy üî• @eltreceoficial @dariobarassi  https://t.co/lFw2TfGKBc	es	[{'screen_name': 'eltreceoficial', 'name': 'eltrece', 'id': '175824869'}, {'screen_name': 'dariobarassi', 'name': 'dario barassi', 'id': '174345178'}]	[]	['https://pbs.twimg.com/media/E8SBS2DXMAE6_e8.jpg']	23	26	741	[]	[]	https://twitter.com/100argdicen/status/1424405598590930944	False		1	https://pbs.twimg.com/media/E8SBS2DXMAE6_e8.jpg							[]				
1423344090289254412	1423344090289254412	2021-08-05 15:04:10 Hora est√°ndar de Montevideo	2021-08-05	15:04:10	-0300	1278853300750876674	100argdicen	100 argentinos dicen		Dar√≠o recibi√≥ un regalo para su hija y esto fue lo que pas√≥ üòÇ #100ArgentinosDicen  https://t.co/dNZtzMSOlD	es	[]	[]	[]	7	8	101	['100argentinosdicen']	[]	https://twitter.com/100argdicen/status/1423344090289254412	False		1	https://pbs.twimg.com/ext_tw_video_thumb/1423343670875525129/pu/img/VjwXbQwf03obwQa1.jpg							[]				
1422995715597520896	1422995715597520896	2021-08-04 15:59:51 Hora est√°ndar de Montevideo	2021-08-04	15:59:51	-0300	1278853300750876674	100argdicen	100 argentinos dicen		El chiste de los guionistas que hizo estallar de risa a Dar√≠o üòÇ #100ArgentinosDicen  https://t.co/dvLDskpSQN	es	[]	[]	[]	5	35	347	['100argentinosdicen']	[]	https://twitter.com/100argdicen/status/1422995715597520896	False		1	https://pbs.twimg.com/ext_tw_video_thumb/1422995463423381505/pu/img/hURobf_lyXy0E8os.jpg							[]				
1422995432725176325	1422995432725176325	2021-08-04 15:58:43 Hora est√°ndar de Montevideo	2021-08-04	15:58:43	-0300	1278853300750876674	100argdicen	100 argentinos dicen		Dar√≠o dio una lecci√≥n de teatro en pleno programa üé≠üòÇ #100ArgentinosDicen  https://t.co/AuAQpqtWRu	es	[]	[]	[]	1	6	49	['100argentinosdicen']	[]	https://twitter.com/100argdicen/status/1422995432725176325	False		1	https://pbs.twimg.com/ext_tw_video_thumb/1422995326340849664/pu/img/aS_-73usqjxXxyhi.jpg							[]				
1422995166953082885	1422995166953082885	2021-08-04 15:57:40 Hora est√°ndar de Montevideo	2021-08-04	15:57:40	-0300	1278853300750876674	100argdicen	100 argentinos dicen		El incre√≠ble dibujo que le regalaron a Dar√≠o. ¬°El conductor no pudo evitar emocionarse cuando lo vio! #100ArgentinosDicen  https://t.co/FYGhcUhjPO	es	[]	[]	[]	2	13	170	['100argentinosdicen']	[]	https://twitter.com/100argdicen/status/1422995166953082885	False		1	https://pbs.twimg.com/ext_tw_video_thumb/1422994794792595462/pu/img/zE5HYAnTmVa-2g0N.jpg							[]				
1421988256124706816	1421988256124706816	2021-08-01 21:16:34 Hora est√°ndar de Montevideo	2021-08-01	21:16:34	-0300	1278853300750876674	100argdicen	100 argentinos dicen		Simplemente üî• #100argentinosdicen @dariobarassi  https://t.co/0sKbRNVHtw	es	[{'screen_name': 'dariobarassi', 'name': 'dario barassi', 'id': '174345178'}]	[]	['https://pbs.twimg.com/media/E7vqs-NWUAEA8Nl.jpg']	23	42	929	['100argentinosdicen']	[]	https://twitter.com/100argdicen/status/1421988256124706816	False		1	https://pbs.twimg.com/media/E7vqs-NWUAEA8Nl.jpg							[]				
1421982635526656007	1421982635526656007	2021-08-01 20:54:14 Hora est√°ndar de Montevideo	2021-08-01	20:54:14	-0300	1278853300750876674	100argdicen	100 argentinos dicen		¬°Dar√≠o lo hizo! Bail√≥ con Rochi Igarz√°bal y la rompi√≥  https://t.co/OELMDUEHSl	es	[]	[]	[]	1	10	101	[]	[]	https://twitter.com/100argdicen/status/1421982635526656007	False		1	https://pbs.twimg.com/ext_tw_video_thumb/1421982221750214660/pu/img/8CLyvLK6UmnuWvsE.jpg							[]				
1421978772467818501	1421978772467818501	2021-08-01 20:38:53 Hora est√°ndar de Montevideo	2021-08-01	20:38:53	-0300	1278853300750876674	100argdicen	100 argentinos dicen		¬°Qu√© coincidencia! Dar√≠o encontr√≥ otro candidato para su productora La Colo, el sobrino de Dani La Chepi. #100argentinosdicen  https://t.co/I8jopnVrsc	es	[]	[]	[]	1	6	72	['100argentinosdicen']	[]	https://twitter.com/100argdicen/status/1421978772467818501	False		1	https://pbs.twimg.com/ext_tw_video_thumb/1421978606163607553/pu/img/-39805-M9AqSO_rp.jpg							[]				
1421166046912843776	1421166046912843776	2021-07-30 14:49:24 Hora est√°ndar de Montevideo	2021-07-30	14:49:24	-0300	1278853300750876674	100argdicen	100 argentinos dicen		¬øC√≥mo lo ves a Dar√≠o Barassi como camar√≥grafo?  https://t.co/lTwhrG5Wir	es	[]	[]	[]	9	5	171	[]	[]	https://twitter.com/100argdicen/status/1421166046912843776	False		1	https://pbs.twimg.com/ext_tw_video_thumb/1421165876489904130/pu/img/GLD4dzylA95EtpuY.jpg							[]				
1420812157978128392	1420812157978128392	2021-07-29 15:23:10 Hora est√°ndar de Montevideo	2021-07-29	15:23:10	-0300	1278853300750876674	100argdicen	100 argentinos dicen		Dar√≠o recibi√≥ un regalo que lo hizo emocionar ü•∫‚ù§Ô∏è  https://t.co/IuBl5eM7ED	es	[]	[]	[]	1	6	70	[]	[]	https://twitter.com/100argdicen/status/1420812157978128392	False		1	https://pbs.twimg.com/ext_tw_video_thumb/1420812039614828547/pu/img/-cTJLB24jS5OrqB7.jpg							[]				
1420807351347654662	1420807351347654662	2021-07-29 15:04:04 Hora est√°ndar de Montevideo	2021-07-29	15:04:04	-0300	1278853300750876674	100argdicen	100 argentinos dicen		¬øUn t√≠tulo para este video? üò¨#100ArgentinosDicen  https://t.co/iCs4HBPGJD	es	[]	[]	[]	8	6	94	['100argentinosdicen']	[]	https://twitter.com/100argdicen/status/1420807351347654662	False		1	https://pbs.twimg.com/ext_tw_video_thumb/1420807124737830921/pu/img/JbQ6m1p1uNMpG1_R.jpg							[]				
1420803077163126786	1420803077163126786	2021-07-29 14:47:05 Hora est√°ndar de Montevideo	2021-07-29	14:47:05	-0300	1278853300750876674	100argdicen	100 argentinos dicen		¬°As√≠ arranc√≥ el programa! #100ArgentinosDicen  https://t.co/G64H7P83AY	es	[]	[]	[]	2	4	56	['100argentinosdicen']	[]	https://twitter.com/100argdicen/status/1420803077163126786	False		1	https://pbs.twimg.com/ext_tw_video_thumb/1420802975828791296/pu/img/chJ8EKGZSy6AmjSe.jpg							[]				
1420441430380711938	1420441430380711938	2021-07-28 14:50:02 Hora est√°ndar de Montevideo	2021-07-28	14:50:02	-0300	1278853300750876674	100argdicen	100 argentinos dicen		¬°Un joven artista hizo un incre√≠ble retrato del Dar√≠o y se lo llev√≥ de ragalo!  https://t.co/vDpytj4tBV	es	[]	[]	[]	5	6	95	[]	[]	https://twitter.com/100argdicen/status/1420441430380711938	False		1	https://pbs.twimg.com/ext_tw_video_thumb/1420441300097191942/pu/img/A6CdGAM25y6cCkH_.jpg							[]				
1420438326386077696	1420438326386077696	2021-07-28 14:37:42 Hora est√°ndar de Montevideo	2021-07-28	14:37:42	-0300	1278853300750876674	100argdicen	100 argentinos dicen		Dar√≠o empez√≥ el programa con un divertido planteo a su vestuarista  #100ArgentinosDicen üòÇ  https://t.co/jBe1xNMoV8	es	[]	[]	[]	4	4	53	['100argentinosdicen']	[]	https://twitter.com/100argdicen/status/1420438326386077696	False		1	https://pbs.twimg.com/ext_tw_video_thumb/1420438075788996611/pu/img/JNF9nzsZP2KaiYTX.jpg							[]				
1420076492113973255	1420076492113973255	2021-07-27 14:39:54 Hora est√°ndar de Montevideo	2021-07-27	14:39:54	-0300	1278853300750876674	100argdicen	100 argentinos dicen		¬°Un comienzo a todo ritmo en #100ArgentinosDicen!  https://t.co/cTC14yGFkE	es	[]	[]	[]	6	6	100	['100argentinosdicen']	[]	https://twitter.com/100argdicen/status/1420076492113973255	False		1	https://pbs.twimg.com/ext_tw_video_thumb/1420076316695662600/pu/img/vIe9FQzT7g_N1TPj.jpg							[]				
1419449295036628992	1419449295036628992	2021-07-25 21:07:38 Hora est√°ndar de Montevideo	2021-07-25	21:07:38	-0300	1278853300750876674	100argdicen	100 argentinos dicen		¬°El pedido de @dariobarassi a su producci√≥n! ü§£  https://t.co/kBU2PnlUSf	es	[{'screen_name': 'dariobarassi', 'name': 'dario barassi', 'id': '174345178'}]	[]	[]	7	10	137	[]	[]	https://twitter.com/100argdicen/status/1419449295036628992	False		1	https://pbs.twimg.com/ext_tw_video_thumb/1419449159489314817/pu/img/zumeNTVvCMtjwgRb.jpg							[]				
1419433663721361412	1419433663721361412	2021-07-25 20:05:31 Hora est√°ndar de Montevideo	2021-07-25	20:05:31	-0300	1278853300750876674	100argdicen	100 argentinos dicen		¬°Prendete que en un ratito llega @dariobarassi con el especial famosos de #100ArgentinosDicen! @kndmolfese @BebeMusicTW @FernandoDente  https://t.co/eF4of83Vzf	es	[{'screen_name': 'dariobarassi', 'name': 'dario barassi', 'id': '174345178'}, {'screen_name': 'kndmolfese', 'name': 'cande molfese ‚ù§', 'id': '354433460'}, {'screen_name': 'bebemusictw', 'name': 'bebe contepomi', 'id': '145002782'}, {'screen_name': 'fernandodente', 'name': 'f crypto', 'id': '62415521'}]	[]	[]	8	11	101	['100argentinosdicen']	[]	https://twitter.com/100argdicen/status/1419433663721361412	False		1	https://pbs.twimg.com/ext_tw_video_thumb/1419433228180598786/pu/img/2IaxNSqnMQVldvh8.jpg							[]				
1418637552286937092	1418637552286937092	2021-07-23 15:22:04 Hora est√°ndar de Montevideo	2021-07-23	15:22:04	-0300	1278853300750876674	100argdicen	100 argentinos dicen		Un Dinero R√°pido que hizo re√≠r a Dar√≠o Barassi üòÇ  https://t.co/AuO9EnxyK6	es	[]	[]	[]	3	10	134	[]	[]	https://twitter.com/100argdicen/status/1418637552286937092	False		1	https://pbs.twimg.com/ext_tw_video_thumb/1418637364960899075/pu/img/umCWvS4zeWKxS1HQ.jpg							[]				
1418629465819729921	1418629465819729921	2021-07-23 14:49:56 Hora est√°ndar de Montevideo	2021-07-23	14:49:56	-0300	1278853300750876674	100argdicen	100 argentinos dicen		Una divertida y picante respuesta en #100ArgentinosDicen üòÇ  https://t.co/jBLX0fzhY2	es	[]	[]	[]	5	13	99	['100argentinosdicen']	[]	https://twitter.com/100argdicen/status/1418629465819729921	False		1	https://pbs.twimg.com/ext_tw_video_thumb/1418629165117489158/pu/img/gvrC27aS-sLoBfyb.jpg							[]				
1418627578793971716	1418627578793971716	2021-07-23 14:42:26 Hora est√°ndar de Montevideo	2021-07-23	14:42:26	-0300	1278853300750876674	100argdicen	100 argentinos dicen		¬°Lleg√≥ el viernes y Dar√≠o lo sabe! ü•≥ü•≥ #100ArgentinosDicen  https://t.co/R2aIUdEAbS	es	[]	[]	[]	2	6	47	['100argentinosdicen']	[]	https://twitter.com/100argdicen/status/1418627578793971716	False		1	https://pbs.twimg.com/ext_tw_video_thumb/1418627449601003522/pu/img/xYvruq5S0C6bM8Ia.jpg							[]				
1418281007854362641	1418281007854362641	2021-07-22 15:45:17 Hora est√°ndar de Montevideo	2021-07-22	15:45:17	-0300	1278853300750876674	100argdicen	100 argentinos dicen		"Este participante la rompi√≥ en el Dinero R√°pido. ¬°Estuvo ""S√≥lido""! ü§òü§ò  https://t.co/3jAJisP5o7"	es	[]	[]	[]	2	5	99	[]	[]	https://twitter.com/100argdicen/status/1418281007854362641	False		1	https://pbs.twimg.com/ext_tw_video_thumb/1418280858922983426/pu/img/O0mNbOtQDDrfzfIg.jpg							[]				
1417909854627373058	1417909854627373058	2021-07-21 15:10:27 Hora est√°ndar de Montevideo	2021-07-21	15:10:27	-0300	1278853300750876674	100argdicen	100 argentinos dicen		El dato curioso sobre jardiner√≠a que sorprendi√≥ a Dar√≠o Barassi. ¬øVos lo conoc√≠as? üå≥  https://t.co/X8TiUD9gVr	es	[]	[]	[]	3	8	71	[]	[]	https://twitter.com/100argdicen/status/1417909854627373058	False		1	https://pbs.twimg.com/ext_tw_video_thumb/1417909796003590144/pu/img/gSUqibvJ5Tjcwx-F.jpg							[]				
1417907871560474628	1417907871560474628	2021-07-21 15:02:34 Hora est√°ndar de Montevideo	2021-07-21	15:02:34	-0300	1278853300750876674	100argdicen	100 argentinos dicen		A Dar√≠o le hicieron un chiste en pleno momento de tensi√≥n y no pudo contener la risa üòÇ  https://t.co/n9K3FPzdN8	es	[]	[]	[]	2	13	161	[]	[]	https://twitter.com/100argdicen/status/1417907871560474628	False		1	https://pbs.twimg.com/ext_tw_video_thumb/1417907804921372674/pu/img/Jde2zYPQqI61zWne.jpg							[]				
1417904889963888645	1417904889963888645	2021-07-21 14:50:43 Hora est√°ndar de Montevideo	2021-07-21	14:50:43	-0300	1278853300750876674	100argdicen	100 argentinos dicen		Las ins√≥litas respuestas de una familia que hicieron re√≠r a Dar√≠o Barassi üë∂üòÇ  https://t.co/Ys0am3KKwI	es	[]	[]	[]	2	7	43	[]	[]	https://twitter.com/100argdicen/status/1417904889963888645	False		1	https://pbs.twimg.com/ext_tw_video_thumb/1417904789795508225/pu/img/47eNojTROBxb9nsh.jpg							[]				
1416920074917748739	1416920074917748739	2021-07-18 21:37:25 Hora est√°ndar de Montevideo	2021-07-18	21:37:25	-0300	1278853300750876674	100argdicen	100 argentinos dicen		¬øQu√© pas√≥ con el tacho? ü§£  https://t.co/vFUzqLI1m7	es	[]	[]	[]	2	4	64	[]	[]	https://twitter.com/100argdicen/status/1416920074917748739	False		1	https://pbs.twimg.com/ext_tw_video_thumb/1416919951642869760/pu/img/GeF7l0rmQB_7BMx9.jpg							[]				
1416914255606128645	1416914255606128645	2021-07-18 21:14:18 Hora est√°ndar de Montevideo	2021-07-18	21:14:18	-0300	1278853300750876674	100argdicen	100 argentinos dicen		¬°El encuentro de la noche! #100argentinosdicen  https://t.co/HHdTYFXnZj	es	[]	[]	[]	1	5	79	['100argentinosdicen']	[]	https://twitter.com/100argdicen/status/1416914255606128645	False		1	https://pbs.twimg.com/ext_tw_video_thumb/1416914069483933702/pu/img/6eUBXhS7NESyojLG.jpg							[]				
1416895032175599621	1416895032175599621	2021-07-18 19:57:54 Hora est√°ndar de Montevideo	2021-07-18	19:57:54	-0300	1278853300750876674	100argdicen	100 argentinos dicen		A las 20.30 üëâ @eltreceoficial  https://t.co/O1ed30s2oL	es	[{'screen_name': 'eltreceoficial', 'name': 'eltrece', 'id': '175824869'}]	[]	[]	1	8	128	[]	[]	https://twitter.com/100argdicen/status/1416895032175599621	False		1	https://pbs.twimg.com/ext_tw_video_thumb/1416894925875159040/pu/img/tHzYLWP5hESVHm06.jpg							[]				
1416894694081155073	1416894694081155073	2021-07-18 19:56:34 Hora est√°ndar de Montevideo	2021-07-18	19:56:34	-0300	1278853300750876674	100argdicen	100 argentinos dicen		Ellos üíï @dariobarassi @diegotopaok #EspecialFamosos 20.30 @eltreceoficial  https://t.co/qVOkn2mVHF	es	[{'screen_name': 'dariobarassi', 'name': 'dario barassi', 'id': '174345178'}, {'screen_name': 'diegotopaok', 'name': 'diego topa „ÉÑ', 'id': '92153251'}, {'screen_name': 'eltreceoficial', 'name': 'eltrece', 'id': '175824869'}]	[]	['https://pbs.twimg.com/media/E6nSNHSWQAQkTcK.jpg']	7	19	645	['especialfamosos']	[]	https://twitter.com/100argdicen/status/1416894694081155073	False		1	https://pbs.twimg.com/media/E6nSNHSWQAQkTcK.jpg							[]				
1415737003291955208	1415737003291955208	2021-07-15 15:16:19 Hora est√°ndar de Montevideo	2021-07-15	15:16:19	-0300	1278853300750876674	100argdicen	100 argentinos dicen		El Dinero R√°pido de esta participante estuvo ¬°Fl√°aaaacido!  #100ArgentinosDicen  https://t.co/MvBa8CF2qz	es	[]	[]	[]	6	6	95	['100argentinosdicen']	[]	https://twitter.com/100argdicen/status/1415737003291955208	False		1	https://pbs.twimg.com/ext_tw_video_thumb/1415736902527946762/pu/img/l8pKrdzLJtkIpC4C.jpg							[]				
1415734589801238536	1415734589801238536	2021-07-15 15:06:43 Hora est√°ndar de Montevideo	2021-07-15	15:06:43	-0300	1278853300750876674	100argdicen	100 argentinos dicen		"El divertido error de un participante que hizo ""enfurecer"" a Dar√≠o Barassi üòÇ #100ArgentinosDicen  https://t.co/a0exDynn8w"	es	[]	[]	[]	7	21	299	['100argentinosdicen']	[]	https://twitter.com/100argdicen/status/1415734589801238536	False		1	https://pbs.twimg.com/ext_tw_video_thumb/1415734531886391298/pu/img/_2bBPSxmcZ40XWMd.jpg							[]				
1415731869493104642	1415731869493104642	2021-07-15 14:55:55 Hora est√°ndar de Montevideo	2021-07-15	14:55:55	-0300	1278853300750876674	100argdicen	100 argentinos dicen		¬°Barassi sorprendi√≥ a todos con sus conocimientos deportivos! #100ArgentinosDicen  https://t.co/XLEILW9U9Q	es	[]	[]	[]	1	2	41	['100argentinosdicen']	[]	https://twitter.com/100argdicen/status/1415731869493104642	False		1	https://pbs.twimg.com/ext_tw_video_thumb/1415731700039045121/pu/img/N3OFa_jHK4uFa2kH.jpg							[]				
1415731011946745865	1415731011946745865	2021-07-15 14:52:30 Hora est√°ndar de Montevideo	2021-07-15	14:52:30	-0300	1278853300750876674	100argdicen	100 argentinos dicen		¬øA qui√©n le importa? üòÇüé∂ #100ArgentinosDicen  https://t.co/yxYWXCVTul	es	[]	[]	[]	3	10	99	['100argentinosdicen']	[]	https://twitter.com/100argdicen/status/1415731011946745865	False		1	https://pbs.twimg.com/ext_tw_video_thumb/1415730748909395974/pu/img/rw0Nu5d3HaVT7DfP.jpg							[]				
1415014851424968705	1415014851424968705	2021-07-13 15:26:44 Hora est√°ndar de Montevideo	2021-07-13	15:26:44	-0300	1278853300750876674	100argdicen	100 argentinos dicen		¬°Dar√≠o Barassi no aguant√≥ y prob√≥ al aire el regalo que le llevaron! üòÇüòã #100ArgentinosDicen  https://t.co/TGRefFsGbw	es	[]	[]	[]	8	5	257	['100argentinosdicen']	[]	https://twitter.com/100argdicen/status/1415014851424968705	False		1	https://pbs.twimg.com/ext_tw_video_thumb/1415014423773827075/pu/img/S-yyibQ7pa_By-xw.jpg							[]				
1415010147143979012	1415010147143979012	2021-07-13 15:08:03 Hora est√°ndar de Montevideo	2021-07-13	15:08:03	-0300	1278853300750876674	100argdicen	100 argentinos dicen		¬°Un dinero r√°pido para el olvido! üòÇüòÇ #100ArgentinosDicen  https://t.co/Q1LDvL4stS	es	[]	[]	[]	3	8	97	['100argentinosdicen']	[]	https://twitter.com/100argdicen/status/1415010147143979012	False		1	https://pbs.twimg.com/ext_tw_video_thumb/1415009942998765568/pu/img/4T8yYeRnSywMOR2F.jpg							[]				
1413221660900089863	1413221660900089863	2021-07-08 16:41:15 Hora est√°ndar de Montevideo	2021-07-08	16:41:15	-0300	1278853300750876674	100argdicen	100 argentinos dicen		¬øSe puede comer abajo del agua? üòÇ  https://t.co/WOt1vCLiKb	es	[]	[]	[]	1	4	42	[]	[]	https://twitter.com/100argdicen/status/1413221660900089863	False		1	https://pbs.twimg.com/ext_tw_video_thumb/1413221531950399493/pu/img/_b22dQ4BQJHKC-xm.jpg							[]				
1413216417453858818	1413216417453858818	2021-07-08 16:20:24 Hora est√°ndar de Montevideo	2021-07-08	16:20:24	-0300	1278853300750876674	100argdicen	100 argentinos dicen		¬øAlguna vez pensaste en Barassi mientras escuchabas esta canci√≥n? üòçüé∂üòÇ  https://t.co/qO0YDJME45	es	[]	[]	[]	3	4	78	[]	[]	https://twitter.com/100argdicen/status/1413216417453858818	False		1	https://pbs.twimg.com/ext_tw_video_thumb/1413216257822838793/pu/img/hiB85PrThfnvNIrl.jpg							[]				
1412465224398036996	1412465224398036996	2021-07-06 14:35:26 Hora est√°ndar de Montevideo	2021-07-06	14:35:26	-0300	1278853300750876674	100argdicen	100 argentinos dicen		¬°El accidente dom√©stico que sufri√≥ Dar√≠o Barassi! ü©π  #lovieneltrece  https://t.co/86L7rDxAdR	es	[]	[]	[]	9	8	89	['lovieneltrece']	[]	https://twitter.com/100argdicen/status/1412465224398036996	False		1	https://pbs.twimg.com/ext_tw_video_thumb/1412464930528313347/pu/img/4yrRxYY3sGUNw7PO.jpg							[]				
1409577813452148738	1409577813452148738	2021-06-28 15:21:54 Hora est√°ndar de Montevideo	2021-06-28	15:21:54	-0300	1278853300750876674	100argdicen	100 argentinos dicen		¬°Dar√≠o se sorprendi√≥ con las respuestas de esta participante en el Dinero R√°pido!  https://t.co/OtPZDpFSAS	es	[]	[]	[]	16	8	76	[]	[]	https://twitter.com/100argdicen/status/1409577813452148738	False		1	https://pbs.twimg.com/ext_tw_video_thumb/1409577354859581440/pu/img/oV1LKgj8JI5cx1jn.jpg							[]				
1409575381867323394	1409575381867323394	2021-06-28 15:12:14 Hora est√°ndar de Montevideo	2021-06-28	15:12:14	-0300	1278853300750876674	100argdicen	100 argentinos dicen		¬°Dar√≠o bail√≥ descalzo y sigui√≥ haciendo el programa en pantuflas! ü¶∂üòÇ  https://t.co/4MRrbh0Ras	es	[]	[]	[]	10	11	119	[]	[]	https://twitter.com/100argdicen/status/1409575381867323394	False		1	https://pbs.twimg.com/ext_tw_video_thumb/1409574820820443148/pu/img/9amM6zZsGvaRkFO1.jpg							[]				
1409569971026472967	1409569971026472967	2021-06-28 14:50:44 Hora est√°ndar de Montevideo	2021-06-28	14:50:44	-0300	1278853300750876674	100argdicen	100 argentinos dicen		Un participante imit√≥ a Dar√≠o Barassi ¬°y le sali√≥ igual!üòÇ #100ArgentinosDicen  https://t.co/XkmbZooo61	es	[]	[]	[]	14	64	1334	['100argentinosdicen']	[]	https://twitter.com/100argdicen/status/1409569971026472967	False		1	https://pbs.twimg.com/ext_tw_video_thumb/1409569787722731528/pu/img/6rI8InU6CIULMG4d.jpg							[]				
1409304373721808897	1409304373721808897	2021-06-27 21:15:20 Hora est√°ndar de Montevideo	2021-06-27	21:15:20	-0300	1278853300750876674	100argdicen	100 argentinos dicen		Roc√≠o Marengo descontrol√≥ todo en #100argentinosDicen a pura alegr√≠a ü§£  https://t.co/B22BxmqDQ2	es	[]	[]	[]	20	26	250	['100argentinosdicen']	[]	https://twitter.com/100argdicen/status/1409304373721808897	False		1	https://pbs.twimg.com/ext_tw_video_thumb/1409304246214873090/pu/img/NHSMeePmYqQBjWVw.jpg							[]				
1409296981256716289	1409296981256716289	2021-06-27 20:45:58 Hora est√°ndar de Montevideo	2021-06-27	20:45:58	-0300	1278853300750876674	100argdicen	100 argentinos dicen		.@dariobarassi se sorprendi√≥ con la respuesta de la prima de #FloppyTesouro  https://t.co/Bu0b2LQ5rF	es	[{'screen_name': 'dariobarassi', 'name': 'dario barassi', 'id': '174345178'}]	[]	[]	0	7	41	['floppytesouro']	[]	https://twitter.com/100argdicen/status/1409296981256716289	False		1	https://pbs.twimg.com/ext_tw_video_thumb/1409296848846835715/pu/img/I5Z-CRR7buy0_WtV.jpg							[]				
1409281254562971651	1409281254562971651	2021-06-27 19:43:28 Hora est√°ndar de Montevideo	2021-06-27	19:43:28	-0300	1278853300750876674	100argdicen	100 argentinos dicen		Hoy hoy hoy üî•üôå  A las 20.30, nos encontramos en #100argentinosdicen @dariobarassi  https://t.co/3V9LwVQese	es	[{'screen_name': 'dariobarassi', 'name': 'dario barassi', 'id': '174345178'}]	[]	[]	4	9	76	['100argentinosdicen']	[]	https://twitter.com/100argdicen/status/1409281254562971651	False		1	https://pbs.twimg.com/ext_tw_video_thumb/1409281208731770884/pu/img/XOQUECKlYzVAwAox.jpg							[]				
1407779935264161795	1407779935264161795	2021-06-23 16:17:46 Hora est√°ndar de Montevideo	2021-06-23	16:17:46	-0300	1278853300750876674	100argdicen	100 argentinos dicen		¬°Los errores geogr√°ficos de las participantes de #100ArgentinosDicen!  https://t.co/AGaqkVjlTL	es	[]	[]	[]	7	11	152	['100argentinosdicen']	[]	https://twitter.com/100argdicen/status/1407779935264161795	False		1	https://pbs.twimg.com/ext_tw_video_thumb/1407779708809404426/pu/img/AQzYcM4OsxYkJQ8N.jpg							[]				
1407766764948176897	1407766764948176897	2021-06-23 15:25:26 Hora est√°ndar de Montevideo	2021-06-23	15:25:26	-0300	1278853300750876674	100argdicen	100 argentinos dicen		"¬°Esta participante se salv√≥ de recibir un ""fl√°cido"" de Dar√≠o Barassi!  https://t.co/LTjDUY3LkN"	es	[]	[]	[]	3	3	32	[]	[]	https://twitter.com/100argdicen/status/1407766764948176897	False		1	https://pbs.twimg.com/ext_tw_video_thumb/1407766587466305536/pu/img/2Yz_nNYadQMvw7nD.jpg							[]				
1407754050288947207	1407754050288947207	2021-06-23 14:34:55 Hora est√°ndar de Montevideo	2021-06-23	14:34:55	-0300	1278853300750876674	100argdicen	100 argentinos dicen		¬°Arrancamos el d√≠a con los Barassitos! ü§£ ¬øDesde d√≥nde nos est√°s viendo? #100ArgentinosDicen  https://t.co/8pkAbZ8cgD	es	[]	[]	[]	13	7	101	['100argentinosdicen']	[]	https://twitter.com/100argdicen/status/1407754050288947207	False		1	https://pbs.twimg.com/ext_tw_video_thumb/1407753762513600512/pu/img/NO1n5ON_cn6jpIY-.jpg							[]				
1407039784837652485	1407039784837652485	2021-06-21 15:16:40 Hora est√°ndar de Montevideo	2021-06-21	15:16:40	-0300	1278853300750876674	100argdicen	100 argentinos dicen		¬°Esta participante se salv√≥ de ser el peor dinero r√°pido de #100ArgentinosDicen! üò±  https://t.co/AveGW9jx1x	es	[]	[]	[]	2	6	65	['100argentinosdicen']	[]	https://twitter.com/100argdicen/status/1407039784837652485	False		1	https://pbs.twimg.com/ext_tw_video_thumb/1407039572492619782/pu/img/HqcO5G6VWqnJQ7-y.jpg							[]				
1407035981149134851	1407035981149134851	2021-06-21 15:01:34 Hora est√°ndar de Montevideo	2021-06-21	15:01:34	-0300	1278853300750876674	100argdicen	100 argentinos dicen		¬øBolton o Barton? ¬øO Balton? ü§£ü§£ Dar√≠o Barassi no pudo contenerse al escuchar este hit ü§©üé∂  https://t.co/TQ3kdO29eB	es	[]	[]	[]	1	5	64	[]	[]	https://twitter.com/100argdicen/status/1407035981149134851	False		1	https://pbs.twimg.com/ext_tw_video_thumb/1407035312858148876/pu/img/0JBXctKtBTON2o4d.jpg							[]				
1407032364723748875	1407032364723748875	2021-06-21 14:47:11 Hora est√°ndar de Montevideo	2021-06-21	14:47:11	-0300	1278853300750876674	100argdicen	100 argentinos dicen		¬°As√≠ arrancamos hoy! ¬øYa nos est√°s viendo? ü§©üíï #100ArgentinosDicen  https://t.co/8xsgjZ51Kw	es	[]	[]	[]	3	5	77	['100argentinosdicen']	[]	https://twitter.com/100argdicen/status/1407032364723748875	False		1	https://pbs.twimg.com/ext_tw_video_thumb/1407032242589863945/pu/img/mrJLRTVdjch4W9X3.jpg							[]				
1406772091446255622	1406772091446255622	2021-06-20 21:32:57 Hora est√°ndar de Montevideo	2021-06-20	21:32:57	-0300	1278853300750876674	100argdicen	100 argentinos dicen		¬°Una respuesta que puso a bailar a todos!  https://t.co/SsLbk9CluL	es	[]	[]	[]	1	5	52	[]	[]	https://twitter.com/100argdicen/status/1406772091446255622	False		1	https://pbs.twimg.com/ext_tw_video_thumb/1406771730400567300/pu/img/TCU4o2Fr3-Q5m79u.jpg							[]				
1406766714734456837	1406766714734456837	2021-06-20 21:11:35 Hora est√°ndar de Montevideo	2021-06-20	21:11:35	-0300	1278853300750876674	100argdicen	100 argentinos dicen		La an√©cdota gastron√≥mica entre Dar√≠o y El Polaco ü§£  https://t.co/czcdBvIYee	es	[]	[]	[]	10	18	284	[]	[]	https://twitter.com/100argdicen/status/1406766714734456837	False		1	https://pbs.twimg.com/ext_tw_video_thumb/1406766587579973632/pu/img/SlV5q20Xn7pn6rH3.jpg							[]				
1406761774855098369	1406761774855098369	2021-06-20 20:51:58 Hora est√°ndar de Montevideo	2021-06-20	20:51:58	-0300	1278853300750876674	100argdicen	100 argentinos dicen		¬°Lo mand√≥ al frente! ü§£ El detalle que not√≥ @dariobarassi en el Instagram de #ElPolaco.  https://t.co/mLNvVOSymq	es	[{'screen_name': 'dariobarassi', 'name': 'dario barassi', 'id': '174345178'}]	[]	[]	5	9	113	['elpolaco']	[]	https://twitter.com/100argdicen/status/1406761774855098369	False		1	https://pbs.twimg.com/ext_tw_video_thumb/1406761588363862021/pu/img/ic2oXuy-5zT7ChWe.jpg							[]				
1406688759899381761	1406688759899381761	2021-06-20 16:01:50 Hora est√°ndar de Montevideo	2021-06-20	16:01:50	-0300	1278853300750876674	100argdicen	100 argentinos dicen		Hoy se viene un especial famosos de lujo ‚ö°Ô∏è  https://t.co/nYZ92vOehC	es	[]	[]	['https://pbs.twimg.com/media/E4WP92WXwAgUNFv.jpg']	32	57	606	[]	[]	https://twitter.com/100argdicen/status/1406688759899381761	False		1	https://pbs.twimg.com/media/E4WP92WXwAgUNFv.jpg							[]				
1404492160259571714	1404492160259571714	2021-06-14 14:33:19 Hora est√°ndar de Montevideo	2021-06-14	14:33:19	-0300	1278853300750876674	100argdicen	100 argentinos dicen		Las c√°balas de Dar√≠o Barassi antes de comenzar #100ArgentinosDicen. #lovieneltrece  https://t.co/WlIMsaCAhY	es	[]	[]	[]	4	5	89	['100argentinosdicen', 'lovieneltrece']	[]	https://twitter.com/100argdicen/status/1404492160259571714	False		1	https://pbs.twimg.com/ext_tw_video_thumb/1404492035353190403/pu/img/KRWsZro-kEOOK_8c.jpg							[]				
1403847750870081536	1403847750870081536	2021-06-12 19:52:40 Hora est√°ndar de Montevideo	2021-06-12	19:52:40	-0300	1278853300750876674	100argdicen	100 argentinos dicen		¬°A las 20 arrancamos con un especial de YouTube.con/eltrece imperdible! @dariobarassi	es	[{'screen_name': 'dariobarassi', 'name': 'dario barassi', 'id': '174345178'}]	[]	[]	9	22	380	[]	[]	https://twitter.com/100argdicen/status/1403847750870081536	False	https://twitter.com/eltreceoficial/status/1403847469901955074	0								[]				
1401690584071524352	1401690584071524352	2021-06-06 21:00:52 Hora est√°ndar de Montevideo	2021-06-06	21:00:52	-0300	1278853300750876674	100argdicen	100 argentinos dicen		Miren qui√©n tiene muchas, pero muchas ganas de ganar.  https://t.co/UMK0RwJleN	es	[]	[]	[]	17	6	123	[]	[]	https://twitter.com/100argdicen/status/1401690584071524352	False		1	https://pbs.twimg.com/ext_tw_video_thumb/1401690262179663873/pu/img/IccD5qVZhLQqj-3P.jpg							[]				
1398334504671055876	1398334504671055876	2021-05-28 14:45:00 Hora est√°ndar de Montevideo	2021-05-28	14:45:00	-0300	1278853300750876674	100argdicen	100 argentinos dicen		¬°Es viernes y empez√≥ #100ArgentinosDicen! üéâ  https://t.co/SVVRCNAerl	es	[]	[]	[]	16	13	147	['100argentinosdicen']	[]	https://twitter.com/100argdicen/status/1398334504671055876	False		1	https://pbs.twimg.com/ext_tw_video_thumb/1398319153526759424/pu/img/1_TfzEgB9FZNALg8.jpg							[]				
1397244434098577415	1397244434098577415	2021-05-25 14:33:27 Hora est√°ndar de Montevideo	2021-05-25	14:33:27	-0300	1278853300750876674	100argdicen	100 argentinos dicen		Un patri√≥tico comienzo en #100ArgentinosDicen por el #25DeMayo üá¶üá∑ #lovieneltrece  https://t.co/gHZYWoQVXg	es	[]	[]	[]	11	11	97	['100argentinosdicen', '25demayo', 'lovieneltrece']	[]	https://twitter.com/100argdicen/status/1397244434098577415	False		1	https://pbs.twimg.com/ext_tw_video_thumb/1397243923316236289/pu/img/Uy03uPLBPLK-5vSN.jpg							[]				
1396884952613015558	1396884952613015558	2021-05-24 14:45:00 Hora est√°ndar de Montevideo	2021-05-24	14:45:00	-0300	1278853300750876674	100argdicen	100 argentinos dicen		¬°Imposible no amar a Dar√≠o Barassi! #lovieneltrece  https://t.co/WBSV4IvAW1	es	[]	[]	[]	5	7	111	['lovieneltrece']	[]	https://twitter.com/100argdicen/status/1396884952613015558	False		1	https://pbs.twimg.com/ext_tw_video_thumb/1396882076574568449/pu/img/iSEflxMdWkiB4vhT.jpg							[]				
1396882044643422212	1396882044643422212	2021-05-24 14:33:26 Hora est√°ndar de Montevideo	2021-05-24	14:33:26	-0300	1278853300750876674	100argdicen	100 argentinos dicen		¬°Nadie puede contener la alegr√≠a cuando empieza #100ArgentinosDicen!  https://t.co/UmspIAAYJw	es	[]	[]	[]	6	12	113	['100argentinosdicen']	[]	https://twitter.com/100argdicen/status/1396882044643422212	False		1	https://pbs.twimg.com/ext_tw_video_thumb/1396881914728943616/pu/img/v5SKVj3zucPo_VgE.jpg							[]				
1395923267416952832	1395923267416952832	2021-05-21 23:03:36 Hora est√°ndar de Montevideo	2021-05-21	23:03:36	-0300	1278853300750876674	100argdicen	100 argentinos dicen		¬°#100ArgentinosDicenEspecial arranc√≥ con mucha intensidad! #lovienetlrece  https://t.co/0N6mFuRBa1	es	[]	[]	[]	45	40	410	['100argentinosdicenespecial', 'lovienetlrece']	[]	https://twitter.com/100argdicen/status/1395923267416952832	False		1	https://pbs.twimg.com/ext_tw_video_thumb/1395923060587483138/pu/img/SLtcETwrdNOB5ho3.jpg							[]				
1395812984468000775	1395812984468000775	2021-05-21 15:45:23 Hora est√°ndar de Montevideo	2021-05-21	15:45:23	-0300	1278853300750876674	100argdicen	100 argentinos dicen		¬°Todos a votar! Flequillo en @dariobarassi ¬øS√≠ o no?  @eltreceoficial  https://t.co/x9qSvunkii	es	[{'screen_name': 'dariobarassi', 'name': 'dario barassi', 'id': '174345178'}, {'screen_name': 'eltreceoficial', 'name': 'eltrece', 'id': '175824869'}]	[]	[]	22	7	87	[]	[]	https://twitter.com/100argdicen/status/1395812984468000775	False		1	https://pbs.twimg.com/ext_tw_video_thumb/1395812877651546113/pu/img/gd5UVuS_PGbUWJPL.jpg							[]				
1389636217994682373	1389636217994682373	2021-05-04 14:41:07 Hora est√°ndar de Montevideo	2021-05-04	14:41:07	-0300	1278853300750876674	100argdicen	100 argentinos dicen		¬°Dar√≠o Barassi se ques√≥ solo #100ArgentinosDicen! #lovieneltrece  https://t.co/aAeCHjowlL	es	[]	[]	[]	15	16	221	['100argentinosdicen', 'lovieneltrece']	[]	https://twitter.com/100argdicen/status/1389636217994682373	False		1	https://pbs.twimg.com/ext_tw_video_thumb/1389636070816550914/pu/img/RQbEhvIiphm1K_KO.jpg							[]				
1388186144362450944	1388186144362450944	2021-04-30 14:39:02 Hora est√°ndar de Montevideo	2021-04-30	14:39:02	-0300	1278853300750876674	100argdicen	100 argentinos dicen		¬°Arranca #100ArgentinosDicen y vos tipo!  https://t.co/oTGslWbMuR	es	[]	[]	['https://pbs.twimg.com/media/E0PT4S4WYAMlKUL.jpg']	9	21	213	['100argentinosdicen']	[]	https://twitter.com/100argdicen/status/1388186144362450944	False		1	https://pbs.twimg.com/media/E0PT4S4WYAMlKUL.jpg							[]				
1386739855045152777	1386739855045152777	2021-04-26 14:52:00 Hora est√°ndar de Montevideo	2021-04-26	14:52:00	-0300	1278853300750876674	100argdicen	100 argentinos dicen		Respond√©s mal una pregunta en #100ArgentinosDicen y Dar√≠o Barassi tipo...  https://t.co/cFFGC9oMQi	es	[]	[]	['https://pbs.twimg.com/media/Ez6wJtpWUAEnLJy.jpg']	5	14	133	['100argentinosdicen']	[]	https://twitter.com/100argdicen/status/1386739855045152777	False		1	https://pbs.twimg.com/media/Ez6wJtpWUAEnLJy.jpg							[]				
1384221720882475010	1384221720882475010	2021-04-19 16:05:50 Hora est√°ndar de Montevideo	2021-04-19	16:05:50	-0300	1278853300750876674	100argdicen	100 argentinos dicen		"‚ÄúQuiero saber qui√©nes son todos los que est√°n"" se indign√≥ Barassi al enterarse de que √©l no est√° inluido.  https://t.co/V2oGFeinNw"	es	[]	['http://www.eltrecetv.com.ar/videos/100-argentinos-dicen/dario-barassi-perdio-los-estribos-al-enterarse-de-que-no-esta-en-el-grup_148775']	[]	6	3	42	[]	[]	https://twitter.com/100argdicen/status/1384221720882475010	False		0								[]				
1383120689960529922	1383120689960529922	2021-04-16 15:10:44 Hora est√°ndar de Montevideo	2021-04-16	15:10:44	-0300	1278853300750876674	100argdicen	100 argentinos dicen		La fiaca de Dar√≠o Barassi en #100ArgentinosDicen. #lovieneltrece  https://t.co/MZaJvNgptz	es	[]	[]	[]	9	4	73	['100argentinosdicen', 'lovieneltrece']	[]	https://twitter.com/100argdicen/status/1383120689960529922	False		1	https://pbs.twimg.com/ext_tw_video_thumb/1383119963431567363/pu/img/tmQ1e-vJPjpcbrFH.jpg							[]				
1376972137643249673	1376972137643249673	2021-03-30 15:58:35 Hora est√°ndar de Montevideo	2021-03-30	15:58:35	-0300	1278853300750876674	100argdicen	100 argentinos dicen		Un participante que estaba ‚Äúen bochas‚Äù en #100ArgentinosDicen. #lovieneltrece  https://t.co/OqoaCh8ano	es	[]	[]	[]	6	9	103	['100argentinosdicen', 'lovieneltrece']	[]	https://twitter.com/100argdicen/status/1376972137643249673	False		1	https://pbs.twimg.com/ext_tw_video_thumb/1376972044882022405/pu/img/zq34ygMVJ0ZMOdxL.jpg							[]				
1376962395273314311	1376962395273314311	2021-03-30 15:19:52 Hora est√°ndar de Montevideo	2021-03-30	15:19:52	-0300	1278853300750876674	100argdicen	100 argentinos dicen		¬øQu√© te parece el nuevo look de Dar√≠o Barassi? #lovieneltrece  https://t.co/HXA5XDFo7E	es	[]	[]	[]	19	7	183	['lovieneltrece']	[]	https://twitter.com/100argdicen/status/1376962395273314311	False		1	https://pbs.twimg.com/ext_tw_video_thumb/1376962217376157697/pu/img/9deWbvWfzR5EY0hw.jpg							[]				
1333850554955608065	1333850554955608065	2020-12-01 16:08:48 Hora est√°ndar de Montevideo	2020-12-01	16:08:48	-0300	1278853300750876674	100argdicen	100 argentinos dicen		La respuesta de una participante que hizo re√≠rse a carcajadas a otra en #100ArgentinosDicen üòÇ #lovieneltrece  https://t.co/EuJlVfZd9Q	es	[]	[]	[]	17	17	195	['100argentinosdicen', 'lovieneltrece']	[]	https://twitter.com/100argdicen/status/1333850554955608065	False		1	https://pbs.twimg.com/ext_tw_video_thumb/1333850194568417280/pu/img/5eRRXois5UZq3ZOd.jpg							[]				
1327336653158027269	1327336653158027269	2020-11-13 16:44:53 Hora est√°ndar de Montevideo	2020-11-13	16:44:53	-0300	1278853300750876674	100argdicen	100 argentinos dicen		Dar√≠o Barassi no pudo contener la risa cuando le dijeron el nombre de una mascota en #100ArgentinosDicen #lovieneltrece  https://t.co/Sv9vyNWvRn	es	[]	[]	[]	9	17	194	['100argentinosdicen', 'lovieneltrece']	[]	https://twitter.com/100argdicen/status/1327336653158027269	False		1	https://pbs.twimg.com/ext_tw_video_thumb/1327336347280035840/pu/img/mnvd_AD6JsZqpOhM.jpg							[]				
1326994456655126529	1326994456655126529	2020-11-12 18:05:07 Hora est√°ndar de Montevideo	2020-11-12	18:05:07	-0300	1278853300750876674	100argdicen	100 argentinos dicen		¬°Qu√© momentos inc√≥modos en #100ArgentinosDicen, @dariobarassi! ¬øNo? üòÇ #lovieneltrece  https://t.co/1P1Vv2eku3	es	[{'screen_name': 'dariobarassi', 'name': 'dario barassi', 'id': '174345178'}]	[]	[]	4	7	85	['100argentinosdicen', 'lovieneltrece']	[]	https://twitter.com/100argdicen/status/1326994456655126529	False		1	https://pbs.twimg.com/ext_tw_video_thumb/1326993881028849665/pu/img/dmG7R5qTePPOjtyN.jpg							[]				
1303425803762511874	1303425803762511874	2020-09-08 17:11:42 Hora est√°ndar de Montevideo	2020-09-08	17:11:42	-0300	1278853300750876674	100argdicen	100 argentinos dicen		¬øQui√©n se suma a este tag? #100ArgentinosDicen @dariobarassi  https://t.co/vkR7UjfSwE	es	[{'screen_name': 'dariobarassi', 'name': 'dario barassi', 'id': '174345178'}]	[]	[]	30	34	310	['100argentinosdicen']	[]	https://twitter.com/100argdicen/status/1303425803762511874	False		1	https://pbs.twimg.com/ext_tw_video_thumb/1303425756756946944/pu/img/aPRU9P1shAhPZVeS.jpg							[]				
1303423111082192896	1303423111082192896	2020-09-08 17:01:00 Hora est√°ndar de Montevideo	2020-09-08	17:01:00	-0300	1278853300750876674	100argdicen	100 argentinos dicen		Un participante de #100ArgentinosDicen festej√≥ antes de tiempo y Dar√≠o Barassi se lo hizo notar #lovieneltrece  https://t.co/vVwzBqHVwO	es	[]	[]	[]	1	3	87	['100argentinosdicen', 'lovieneltrece']	[]	https://twitter.com/100argdicen/status/1303423111082192896	False		1	https://pbs.twimg.com/ext_tw_video_thumb/1303422728834347016/pu/img/cxeTBLcqmYnfl3MC.jpg							[]				
1301636483351285760	1301636483351285760	2020-09-03 18:41:35 Hora est√°ndar de Montevideo	2020-09-03	18:41:35	-0300	1278853300750876674	100argdicen	100 argentinos dicen		La respuesta de un participante que recibi√≥ la desaprobaci√≥n de su familia en #100ArgentinosDicen #lovieneltrece  https://t.co/FZ1VVLvtUn	es	[]	[]	[]	0	4	21	['100argentinosdicen', 'lovieneltrece']	[]	https://twitter.com/100argdicen/status/1301636483351285760	False		1	https://pbs.twimg.com/ext_tw_video_thumb/1301636268330225664/pu/img/62SsVwrnZupD5uVC.jpg							[]				
1301596194054037506	1301596194054037506	2020-09-03 16:01:29 Hora est√°ndar de Montevideo	2020-09-03	16:01:29	-0300	1278853300750876674	100argdicen	100 argentinos dicen		¬°Ya arrancamos! Prendete a #100ArgentinosDicen y coment√° con un hashtag cc @eltreceoficial  https://t.co/ncN9ou1Fgg	es	[{'screen_name': 'eltreceoficial', 'name': 'eltrece', 'id': '175824869'}]	[]	['https://pbs.twimg.com/media/EhAytTtWsAYJ-VA.jpg']	8	12	109	['100argentinosdicen']	[]	https://twitter.com/100argdicen/status/1301596194054037506	False		1	https://pbs.twimg.com/media/EhAytTtWsAYJ-VA.jpg							[]				
1301587719940902912	1301587719940902912	2020-09-03 15:27:49 Hora est√°ndar de Montevideo	2020-09-03	15:27:49	-0300	1278853300750876674	100argdicen	100 argentinos dicen		HOY - 16 hs no te pierdas a @dariobarassi con #100ArgentinosDicen  https://t.co/FCSfIexjym	es	[{'screen_name': 'dariobarassi', 'name': 'dario barassi', 'id': '174345178'}]	[]	[]	3	11	66	['100argentinosdicen']	[]	https://twitter.com/100argdicen/status/1301587719940902912	False		1	https://pbs.twimg.com/ext_tw_video_thumb/1301584540205559808/pu/img/qIU0CQPEpOB13wsx.jpg							[]				
1301256080601886720	1301256080601886720	2020-09-02 17:30:00 Hora est√°ndar de Montevideo	2020-09-02	17:30:00	-0300	1278853300750876674	100argdicen	100 argentinos dicen		Dar√≠o Barassi  se sorprendi√≥ en #100ArgentinosDicen cuando un participante le cont√≥ cu√°ntos a√±os ten√≠a #lovieneltrece  https://t.co/2Ij7jzRZFZ	es	[]	[]	[]	1	5	39	['100argentinosdicen', 'lovieneltrece']	[]	https://twitter.com/100argdicen/status/1301256080601886720	False		1	https://pbs.twimg.com/ext_tw_video_thumb/1301247602470662147/pu/img/maGrokHxu-prfpLy.jpg							[]				
1300522783030611972	1300522783030611972	2020-08-31 16:56:08 Hora est√°ndar de Montevideo	2020-08-31	16:56:08	-0300	1278853300750876674	100argdicen	100 argentinos dicen		"""Deseo que pierdas"" üò±üòÇ Un participante hizo enojar a @dariobarassi  #lovieneltrece @eltreceoficial  https://t.co/L91Dn1FNpB"	es	[{'screen_name': 'dariobarassi', 'name': 'dario barassi', 'id': '174345178'}, {'screen_name': 'eltreceoficial', 'name': 'eltrece', 'id': '175824869'}]	[]	[]	2	4	47	['lovieneltrece']	[]	https://twitter.com/100argdicen/status/1300522783030611972	False		1	https://pbs.twimg.com/ext_tw_video_thumb/1300522443812020226/pu/img/5v1xij2yQW2ovrFo.jpg							[]				
1300522048004018180	1300522048004018180	2020-08-31 16:53:13 Hora est√°ndar de Montevideo	2020-08-31	16:53:13	-0300	1278853300750876674	100argdicen	100 argentinos dicen		¬°Las respuestas m√°s ins√≥litas! @dariobarassi se sorprendi√≥ con los participantes de #100argentinosdicen. #lovieneltrece @eltreceoficial  https://t.co/ozmxR3OwfE	es	[{'screen_name': 'dariobarassi', 'name': 'dario barassi', 'id': '174345178'}, {'screen_name': 'eltreceoficial', 'name': 'eltrece', 'id': '175824869'}]	[]	[]	1	11	81	['100argentinosdicen', 'lovieneltrece']	[]	https://twitter.com/100argdicen/status/1300522048004018180	False		1	https://pbs.twimg.com/ext_tw_video_thumb/1300521878461784065/pu/img/n1GLiQBv_lo215zn.jpg							[]				
1300521450084995073	1300521450084995073	2020-08-31 16:50:50 Hora est√°ndar de Montevideo	2020-08-31	16:50:50	-0300	1278853300750876674	100argdicen	100 argentinos dicen		ü§£ü§© @Dar√≠oBarassi peg√≥ onda con un participante de 100argentinosdicen   #lovieneltrece @eltreceoficial  https://t.co/R4Duz4pu8m	es	[{'screen_name': 'eltreceoficial', 'name': 'eltrece', 'id': '175824869'}]	[]	[]	0	6	71	['lovieneltrece']	[]	https://twitter.com/100argdicen/status/1300521450084995073	False		1	https://pbs.twimg.com/ext_tw_video_thumb/1300521083494432773/pu/img/KGak1LLnulug4w-B.jpg							[]				
1300469522730807297	1300469522730807297	2020-08-31 13:24:30 Hora est√°ndar de Montevideo	2020-08-31	13:24:30	-0300	1278853300750876674	100argdicen	100 argentinos dicen		¬°Arrancamos el lunes con todo! A las 16 prendete a @eltreceoficial con @dariobarassi en #100ArgentinosDicen  https://t.co/XyMaEkYINc	es	[{'screen_name': 'eltreceoficial', 'name': 'eltrece', 'id': '175824869'}, {'screen_name': 'dariobarassi', 'name': 'dario barassi', 'id': '174345178'}]	[]	[]	5	8	32	['100argentinosdicen']	[]	https://twitter.com/100argdicen/status/1300469522730807297	False		1	https://pbs.twimg.com/ext_tw_video_thumb/1300469473208565760/pu/img/zKTqMBHbctkoWlsX.jpg							[]				
1299441956217589772	1299441956217589772	2020-08-28 17:21:19 Hora est√°ndar de Montevideo	2020-08-28	17:21:19	-0300	1278853300750876674	100argdicen	100 argentinos dicen		"Dar√≠o Barassi no la pas√≥ bien al aire despu√©s de la respuesta que dio uno de los participantes de 100 argentinos dicen: ""Estoy mareado""  https://t.co/89KjdtlPoV"	es	[]	['http://eltrecetv.com.ar/videos/100-argentinos-dicen/100-argentinos-dicen-dario-barassi-vivio-un-momento-muy-incomodo-al-aire_135871']	[]	1	2	11	[]	[]	https://twitter.com/100argdicen/status/1299441956217589772	False		0								[]				
1297976721212399616	1297976721212399616	2020-08-24 16:19:00 Hora est√°ndar de Montevideo	2020-08-24	16:19:00	-0300	1278853300750876674	100argdicen	100 argentinos dicen		As√≠ empez√≥ 100 argentinos dicen, el nuevo programa de entretenimientos de eltrece con Dar√≠o Barassi  https://t.co/Bh0cbNtg0R	es	[]	['https://www.eltrecetv.com.ar/videos/100-argentinos-dicen/asi-empezo-100-argentinos-dicen-el-nuevo-programa-de-entretenimientos-de_135554']	[]	6	8	39	[]	[]	https://twitter.com/100argdicen/status/1297976721212399616	False		0								[]				
1297972707875840002	1297972707875840002	2020-08-24 16:03:03 Hora est√°ndar de Montevideo	2020-08-24	16:03:03	-0300	1278853300750876674	100argdicen	100 argentinos dicen		¬°Arrancamos! Prendete a @eltreceoficial con @dariobarassi #100ArgentinosDicen ‚ú®  https://t.co/x4BiApHnLH	es	[{'screen_name': 'eltreceoficial', 'name': 'eltrece', 'id': '175824869'}, {'screen_name': 'dariobarassi', 'name': 'dario barassi', 'id': '174345178'}]	[]	['https://pbs.twimg.com/media/EgNTS4CWAAIsm08.jpg']	3	6	33	['100argentinosdicen']	[]	https://twitter.com/100argdicen/status/1297972707875840002	False		1	https://pbs.twimg.com/media/EgNTS4CWAAIsm08.jpg							[]				
1297902991329112069	1297902991329112069	2020-08-24 11:26:01 Hora est√°ndar de Montevideo	2020-08-24	11:26:01	-0300	1278853300750876674	100argdicen	100 argentinos dicen		¬°HOY! Se viene #100argentinosdicen a @eltreceoficial. ¬°Prendete a las 16 con @dariobarassi!  https://t.co/0nUc8tbEsX	es	[{'screen_name': 'eltreceoficial', 'name': 'eltrece', 'id': '175824869'}, {'screen_name': 'dariobarassi', 'name': 'dario barassi', 'id': '174345178'}]	[]	['https://pbs.twimg.com/media/EgMTsZzWkAE-ELy.jpg']	0	6	18	['100argentinosdicen']	[]	https://twitter.com/100argdicen/status/1297902991329112069	False		1	https://pbs.twimg.com/media/EgMTsZzWkAE-ELy.jpg							[]				
1297654000616177665	1297654000616177665	2020-08-23 18:56:37 Hora est√°ndar de Montevideo	2020-08-23	18:56:37	-0300	1278853300750876674	100argdicen	100 argentinos dicen		MA√ëANA. ¬°Comenzamos con #100ArgentinosDicen! Prendete con el hashtag a comentar. cc @eltreceoficial @dariobarassi [Te esperamos a las 16 por #eltrece]  https://t.co/YOmbANjNOk	es	[{'screen_name': 'eltreceoficial', 'name': 'eltrece', 'id': '175824869'}, {'screen_name': 'dariobarassi', 'name': 'dario barassi', 'id': '174345178'}]	[]	['https://pbs.twimg.com/media/EgIxRMHWsAIBaYD.jpg']	4	8	20	['100argentinosdicen', 'eltrece']	[]	https://twitter.com/100argdicen/status/1297654000616177665	False		1	https://pbs.twimg.com/media/EgIxRMHWsAIBaYD.jpg							[]				
1284566199590846471	1284566199590846471	2020-07-18 16:10:22 Hora est√°ndar de Montevideo	2020-07-18	16:10:22	-0300	1278853300750876674	100argdicen	100 argentinos dicen		¬øQuer√©s participar de #100ArgentinosDicen? No te quedes con las ganas, ingres√° ac√° @dariobarassi   https://t.co/RpLJpNlbNc	es	[{'screen_name': 'dariobarassi', 'name': 'dario barassi', 'id': '174345178'}]	['https://www.eltrecetv.com.ar/convocatoria/anotate-en-100-argentinos-dicen']	[]	0	4	14	['100argentinosdicen']	[]	https://twitter.com/100argdicen/status/1284566199590846471	False		0								[]				
1283513639853531136	1283513639853531136	2020-07-15 18:27:52 Hora est√°ndar de Montevideo	2020-07-15	18:27:52	-0300	1278853300750876674	100argdicen	100 argentinos dicen		¬°Anotate en #100ArgentinosDicen! Llega el programa donde las familias compiten para descifrar el verdadero pensamiento de los argentinos. Particip√° üëá @eltreceoficial @eltreceprensa    https://t.co/RpLJpNlbNc	es	[{'screen_name': 'eltreceoficial', 'name': 'eltrece', 'id': '175824869'}, {'screen_name': 'eltreceprensa', 'name': 'prensa_eltrece', 'id': '177677440'}]	['https://www.eltrecetv.com.ar/convocatoria/anotate-en-100-argentinos-dicen']	[]	3	12	32	['100argentinosdicen']	[]	https://twitter.com/100argdicen/status/1283513639853531136	False		0								[]				
